"X--Trace 1::[V(1) - V(0), Temperature=-20 | V(PR2)]","Y--Trace 1::[V(1) - V(0), Temperature=-20 | V(PR2)]",,"X--Trace 2::[V(1) - V(0), Temperature=-19 | V(PR2)]","Y--Trace 2::[V(1) - V(0), Temperature=-19 | V(PR2)]",,"X--Trace 3::[V(1) - V(0), Temperature=-18 | V(PR2)]","Y--Trace 3::[V(1) - V(0), Temperature=-18 | V(PR2)]",,"X--Trace 4::[V(1) - V(0), Temperature=-17 | V(PR2)]","Y--Trace 4::[V(1) - V(0), Temperature=-17 | V(PR2)]",,"X--Trace 5::[V(1) - V(0), Temperature=-16 | V(PR2)]","Y--Trace 5::[V(1) - V(0), Temperature=-16 | V(PR2)]",,"X--Trace 6::[V(1) - V(0), Temperature=-15 | V(PR2)]","Y--Trace 6::[V(1) - V(0), Temperature=-15 | V(PR2)]",,"X--Trace 7::[V(1) - V(0), Temperature=-14 | V(PR2)]","Y--Trace 7::[V(1) - V(0), Temperature=-14 | V(PR2)]",,"X--Trace 8::[V(1) - V(0), Temperature=-13 | V(PR2)]","Y--Trace 8::[V(1) - V(0), Temperature=-13 | V(PR2)]",,"X--Trace 9::[V(1) - V(0), Temperature=-12 | V(PR2)]","Y--Trace 9::[V(1) - V(0), Temperature=-12 | V(PR2)]",,"X--Trace 10::[V(1) - V(0), Temperature=-11 | V(PR2)]","Y--Trace 10::[V(1) - V(0), Temperature=-11 | V(PR2)]",,"X--Trace 11::[V(1) - V(0), Temperature=-10 | V(PR2)]","Y--Trace 11::[V(1) - V(0), Temperature=-10 | V(PR2)]",,"X--Trace 12::[V(1) - V(0), Temperature=-9 | V(PR2)]","Y--Trace 12::[V(1) - V(0), Temperature=-9 | V(PR2)]",,"X--Trace 13::[V(1) - V(0), Temperature=-8 | V(PR2)]","Y--Trace 13::[V(1) - V(0), Temperature=-8 | V(PR2)]",,"X--Trace 14::[V(1) - V(0), Temperature=-7 | V(PR2)]","Y--Trace 14::[V(1) - V(0), Temperature=-7 | V(PR2)]",,"X--Trace 15::[V(1) - V(0), Temperature=-6 | V(PR2)]","Y--Trace 15::[V(1) - V(0), Temperature=-6 | V(PR2)]",,"X--Trace 16::[V(1) - V(0), Temperature=-5 | V(PR2)]","Y--Trace 16::[V(1) - V(0), Temperature=-5 | V(PR2)]",,"X--Trace 17::[V(1) - V(0), Temperature=-4 | V(PR2)]","Y--Trace 17::[V(1) - V(0), Temperature=-4 | V(PR2)]",,"X--Trace 18::[V(1) - V(0), Temperature=-3 | V(PR2)]","Y--Trace 18::[V(1) - V(0), Temperature=-3 | V(PR2)]",,"X--Trace 19::[V(1) - V(0), Temperature=-2 | V(PR2)]","Y--Trace 19::[V(1) - V(0), Temperature=-2 | V(PR2)]",,"X--Trace 20::[V(1) - V(0), Temperature=-1 | V(PR2)]","Y--Trace 20::[V(1) - V(0), Temperature=-1 | V(PR2)]",,"X--Trace 21::[V(1) - V(0), Temperature=0 | V(PR2)]","Y--Trace 21::[V(1) - V(0), Temperature=0 | V(PR2)]",,"X--Trace 22::[V(1) - V(0), Temperature=1 | V(PR2)]","Y--Trace 22::[V(1) - V(0), Temperature=1 | V(PR2)]",,"X--Trace 23::[V(1) - V(0), Temperature=2 | V(PR2)]","Y--Trace 23::[V(1) - V(0), Temperature=2 | V(PR2)]",,"X--Trace 24::[V(1) - V(0), Temperature=3 | V(PR2)]","Y--Trace 24::[V(1) - V(0), Temperature=3 | V(PR2)]",,"X--Trace 25::[V(1) - V(0), Temperature=4 | V(PR2)]","Y--Trace 25::[V(1) - V(0), Temperature=4 | V(PR2)]",,"X--Trace 26::[V(1) - V(0), Temperature=5 | V(PR2)]","Y--Trace 26::[V(1) - V(0), Temperature=5 | V(PR2)]",,"X--Trace 27::[V(1) - V(0), Temperature=6 | V(PR2)]","Y--Trace 27::[V(1) - V(0), Temperature=6 | V(PR2)]",,"X--Trace 28::[V(1) - V(0), Temperature=7 | V(PR2)]","Y--Trace 28::[V(1) - V(0), Temperature=7 | V(PR2)]",,"X--Trace 29::[V(1) - V(0), Temperature=8 | V(PR2)]","Y--Trace 29::[V(1) - V(0), Temperature=8 | V(PR2)]",,"X--Trace 30::[V(1) - V(0), Temperature=9 | V(PR2)]","Y--Trace 30::[V(1) - V(0), Temperature=9 | V(PR2)]",,"X--Trace 31::[V(1) - V(0), Temperature=10 | V(PR2)]","Y--Trace 31::[V(1) - V(0), Temperature=10 | V(PR2)]",,"X--Trace 32::[V(1) - V(0), Temperature=11 | V(PR2)]","Y--Trace 32::[V(1) - V(0), Temperature=11 | V(PR2)]",,"X--Trace 33::[V(1) - V(0), Temperature=12 | V(PR2)]","Y--Trace 33::[V(1) - V(0), Temperature=12 | V(PR2)]",,"X--Trace 34::[V(1) - V(0), Temperature=13 | V(PR2)]","Y--Trace 34::[V(1) - V(0), Temperature=13 | V(PR2)]",,"X--Trace 35::[V(1) - V(0), Temperature=14 | V(PR2)]","Y--Trace 35::[V(1) - V(0), Temperature=14 | V(PR2)]",,"X--Trace 36::[V(1) - V(0), Temperature=15 | V(PR2)]","Y--Trace 36::[V(1) - V(0), Temperature=15 | V(PR2)]",,"X--Trace 37::[V(1) - V(0), Temperature=16 | V(PR2)]","Y--Trace 37::[V(1) - V(0), Temperature=16 | V(PR2)]",,"X--Trace 38::[V(1) - V(0), Temperature=17 | V(PR2)]","Y--Trace 38::[V(1) - V(0), Temperature=17 | V(PR2)]",,"X--Trace 39::[V(1) - V(0), Temperature=18 | V(PR2)]","Y--Trace 39::[V(1) - V(0), Temperature=18 | V(PR2)]",,"X--Trace 40::[V(1) - V(0), Temperature=19 | V(PR2)]","Y--Trace 40::[V(1) - V(0), Temperature=19 | V(PR2)]",,"X--Trace 41::[V(1) - V(0), Temperature=20 | V(PR2)]","Y--Trace 41::[V(1) - V(0), Temperature=20 | V(PR2)]",,"X--Trace 42::[V(1) - V(0), Temperature=21 | V(PR2)]","Y--Trace 42::[V(1) - V(0), Temperature=21 | V(PR2)]",,"X--Trace 43::[V(1) - V(0), Temperature=22 | V(PR2)]","Y--Trace 43::[V(1) - V(0), Temperature=22 | V(PR2)]",,"X--Trace 44::[V(1) - V(0), Temperature=23 | V(PR2)]","Y--Trace 44::[V(1) - V(0), Temperature=23 | V(PR2)]",,"X--Trace 45::[V(1) - V(0), Temperature=24 | V(PR2)]","Y--Trace 45::[V(1) - V(0), Temperature=24 | V(PR2)]",,"X--Trace 46::[V(1) - V(0), Temperature=25 | V(PR2)]","Y--Trace 46::[V(1) - V(0), Temperature=25 | V(PR2)]",,"X--Trace 47::[V(1) - V(0), Temperature=26 | V(PR2)]","Y--Trace 47::[V(1) - V(0), Temperature=26 | V(PR2)]",,"X--Trace 48::[V(1) - V(0), Temperature=27 | V(PR2)]","Y--Trace 48::[V(1) - V(0), Temperature=27 | V(PR2)]",,"X--Trace 49::[V(1) - V(0), Temperature=28 | V(PR2)]","Y--Trace 49::[V(1) - V(0), Temperature=28 | V(PR2)]",,"X--Trace 50::[V(1) - V(0), Temperature=29 | V(PR2)]","Y--Trace 50::[V(1) - V(0), Temperature=29 | V(PR2)]",,"X--Trace 51::[V(1) - V(0), Temperature=30 | V(PR2)]","Y--Trace 51::[V(1) - V(0), Temperature=30 | V(PR2)]",,"X--Trace 52::[V(1) - V(0), Temperature=31 | V(PR2)]","Y--Trace 52::[V(1) - V(0), Temperature=31 | V(PR2)]",,"X--Trace 53::[V(1) - V(0), Temperature=32 | V(PR2)]","Y--Trace 53::[V(1) - V(0), Temperature=32 | V(PR2)]",,"X--Trace 54::[V(1) - V(0), Temperature=33 | V(PR2)]","Y--Trace 54::[V(1) - V(0), Temperature=33 | V(PR2)]",,"X--Trace 55::[V(1) - V(0), Temperature=34 | V(PR2)]","Y--Trace 55::[V(1) - V(0), Temperature=34 | V(PR2)]",,"X--Trace 56::[V(1) - V(0), Temperature=35 | V(PR2)]","Y--Trace 56::[V(1) - V(0), Temperature=35 | V(PR2)]",,"X--Trace 57::[V(1) - V(0), Temperature=36 | V(PR2)]","Y--Trace 57::[V(1) - V(0), Temperature=36 | V(PR2)]",,"X--Trace 58::[V(1) - V(0), Temperature=37 | V(PR2)]","Y--Trace 58::[V(1) - V(0), Temperature=37 | V(PR2)]",,"X--Trace 59::[V(1) - V(0), Temperature=38 | V(PR2)]","Y--Trace 59::[V(1) - V(0), Temperature=38 | V(PR2)]",,"X--Trace 60::[V(1) - V(0), Temperature=39 | V(PR2)]","Y--Trace 60::[V(1) - V(0), Temperature=39 | V(PR2)]",,"X--Trace 61::[V(1) - V(0), Temperature=40 | V(PR2)]","Y--Trace 61::[V(1) - V(0), Temperature=40 | V(PR2)]"
0,0.391172,,0,0.408981,,0,0.427368,,0,0.446336,,0,0.465888,,0,0.486026,,0,0.506751,,0,0.528063,,0,0.54996,,0,0.57244,,0,0.595498,,0,0.61913,,0,0.643329,,0,0.668088,,0,0.693398,,0,0.719247,,0,0.745625,,0,0.772519,,0,0.799914,,0,0.827795,,0,0.856145,,0,0.884946,,0,0.91418,,0,0.943825,,0,0.973861,,0,1.00426,,0,1.03501,,0,1.06608,,0,1.09745,,0,1.12909,,0,1.16097,,0,1.19307,,0,1.22536,,0,1.25781,,0,1.2904,,0,1.3231,,0,1.35588,,0,1.38871,,0,1.42156,,0,1.45442,,0,1.48724,,0,1.52001,,0,1.55269,,0,1.58527,,0,1.61771,,0,1.65,,0,1.68211,,0,1.71401,,0,1.74568,,0,1.77711,,0,1.80828,,0,1.83916,,0,1.86973,,0,1.89998,,0,1.9299,,0,1.95947,,0,1.98867,,0,2.01749,,0,2.04593,,0,2.07396,,0,2.10158
0.012,0.391172,,0.012,0.408981,,0.012,0.427368,,0.012,0.446336,,0.012,0.465888,,0.012,0.486026,,0.012,0.506751,,0.012,0.528063,,0.012,0.54996,,0.012,0.57244,,0.012,0.595498,,0.012,0.61913,,0.012,0.643329,,0.012,0.668088,,0.012,0.693398,,0.012,0.719247,,0.012,0.745625,,0.012,0.772519,,0.012,0.799914,,0.012,0.827795,,0.012,0.856145,,0.012,0.884946,,0.012,0.91418,,0.012,0.943825,,0.012,0.973861,,0.012,1.00426,,0.012,1.03501,,0.012,1.06608,,0.012,1.09745,,0.012,1.12909,,0.012,1.16097,,0.012,1.19307,,0.012,1.22536,,0.012,1.25781,,0.012,1.2904,,0.012,1.3231,,0.012,1.35588,,0.012,1.38871,,0.012,1.42156,,0.012,1.45442,,0.012,1.48724,,0.012,1.52001,,0.012,1.55269,,0.012,1.58527,,0.012,1.61771,,0.012,1.65,,0.012,1.68211,,0.012,1.71401,,0.012,1.74568,,0.012,1.77711,,0.012,1.80828,,0.012,1.83916,,0.012,1.86973,,0.012,1.89998,,0.012,1.9299,,0.012,1.95947,,0.012,1.98867,,0.012,2.01749,,0.012,2.04593,,0.012,2.07396,,0.012,2.10158
0.024,0.391221,,0.024,0.409033,,0.024,0.427424,,0.024,0.446395,,0.024,0.465951,,0.024,0.486094,,0.024,0.506823,,0.024,0.52814,,0.024,0.550041,,0.024,0.572526,,0.024,0.59559,,0.024,0.619227,,0.024,0.643431,,0.024,0.668195,,0.024,0.69351,,0.024,0.719365,,0.024,0.745749,,0.024,0.772648,,0.024,0.800049,,0.024,0.827935,,0.024,0.856291,,0.024,0.885097,,0.024,0.914336,,0.024,0.943986,,0.024,0.974027,,0.024,1.00444,,0.024,1.03519,,0.024,1.06626,,0.024,1.09764,,0.024,1.12928,,0.024,1.16116,,0.024,1.19327,,0.024,1.22556,,0.024,1.25802,,0.024,1.29061,,0.024,1.32331,,0.024,1.35609,,0.024,1.38892,,0.024,1.42178,,0.024,1.45463,,0.024,1.48746,,0.024,1.52022,,0.024,1.55291,,0.024,1.58549,,0.024,1.61793,,0.024,1.65021,,0.024,1.68232,,0.024,1.71422,,0.024,1.74589,,0.024,1.77732,,0.024,1.80848,,0.024,1.83936,,0.024,1.86993,,0.024,1.90018,,0.024,1.93009,,0.024,1.95966,,0.024,1.98885,,0.024,2.01767,,0.024,2.0461,,0.024,2.07413,,0.024,2.10175
0.048,0.391269,,0.048,0.409085,,0.048,0.427479,,0.048,0.446455,,0.048,0.466015,,0.048,0.486162,,0.048,0.506896,,0.048,0.528217,,0.048,0.550123,,0.048,0.572613,,0.048,0.595681,,0.048,0.619323,,0.048,0.643533,,0.048,0.668303,,0.048,0.693623,,0.048,0.719483,,0.048,0.745872,,0.048,0.772777,,0.048,0.800183,,0.048,0.828075,,0.048,0.856436,,0.048,0.885248,,0.048,0.914492,,0.048,0.944148,,0.048,0.974194,,0.048,1.00461,,0.048,1.03537,,0.048,1.06645,,0.048,1.09782,,0.048,1.12947,,0.048,1.16136,,0.048,1.19346,,0.048,1.22576,,0.048,1.25822,,0.048,1.29081,,0.048,1.32352,,0.048,1.3563,,0.048,1.38913,,0.048,1.42199,,0.048,1.45485,,0.048,1.48767,,0.048,1.52044,,0.048,1.55312,,0.048,1.5857,,0.048,1.61814,,0.048,1.65043,,0.048,1.68253,,0.048,1.71443,,0.048,1.7461,,0.048,1.77753,,0.048,1.80868,,0.048,1.83956,,0.048,1.87013,,0.048,1.90037,,0.048,1.93028,,0.048,1.95984,,0.048,1.98904,,0.048,2.01785,,0.048,2.04628,,0.048,2.0743,,0.048,2.10192
0.096,0.391366,,0.096,0.409189,,0.096,0.427591,,0.096,0.446574,,0.096,0.466142,,0.096,0.486297,,0.096,0.50704,,0.096,0.52837,,0.096,0.550286,,0.096,0.572785,,0.096,0.595864,,0.096,0.619516,,0.096,0.643736,,0.096,0.668516,,0.096,0.693847,,0.096,0.719718,,0.096,0.746119,,0.096,0.773034,,0.096,0.800451,,0.096,0.828354,,0.096,0.856726,,0.096,0.885549,,0.096,0.914804,,0.096,0.94447,,0.096,0.974526,,0.096,1.00495,,0.096,1.03572,,0.096,1.06681,,0.096,1.09819,,0.096,1.12984,,0.096,1.16174,,0.096,1.19385,,0.096,1.22616,,0.096,1.25862,,0.096,1.29122,,0.096,1.32393,,0.096,1.35672,,0.096,1.38956,,0.096,1.42242,,0.096,1.45527,,0.096,1.4881,,0.096,1.52087,,0.096,1.55355,,0.096,1.58613,,0.096,1.61857,,0.096,1.65085,,0.096,1.68295,,0.096,1.71485,,0.096,1.74651,,0.096,1.77794,,0.096,1.80909,,0.096,1.83996,,0.096,1.87052,,0.096,1.90076,,0.096,1.93066,,0.096,1.96022,,0.096,1.9894,,0.096,2.01821,,0.096,2.04663,,0.096,2.07465,,0.096,2.10225
0.192,0.391559,,0.192,0.409397,,0.192,0.427813,,0.192,0.446812,,0.192,0.466396,,0.192,0.486568,,0.192,0.507328,,0.192,0.528676,,0.192,0.550611,,0.192,0.573129,,0.192,0.596227,,0.192,0.6199,,0.192,0.644141,,0.192,0.668942,,0.192,0.694294,,0.192,0.720187,,0.192,0.746609,,0.192,0.773547,,0.192,0.800986,,0.192,0.828911,,0.192,0.857304,,0.192,0.886149,,0.192,0.915424,,0.192,0.945111,,0.192,0.975187,,0.192,1.00563,,0.192,1.03642,,0.192,1.06752,,0.192,1.09893,,0.192,1.13059,,0.192,1.16251,,0.192,1.19464,,0.192,1.22695,,0.192,1.25943,,0.192,1.29204,,0.192,1.32476,,0.192,1.35755,,0.192,1.3904,,0.192,1.42326,,0.192,1.45612,,0.192,1.48895,,0.192,1.52172,,0.192,1.55441,,0.192,1.58698,,0.192,1.61942,,0.192,1.65169,,0.192,1.68379,,0.192,1.71568,,0.192,1.74734,,0.192,1.77875,,0.192,1.80989,,0.192,1.84075,,0.192,1.8713,,0.192,1.90153,,0.192,1.93142,,0.192,1.96096,,0.192,1.99013,,0.192,2.01892,,0.192,2.04732,,0.192,2.07532,,0.192,2.10291
0.384,0.391943,,0.384,0.409809,,0.384,0.428254,,0.384,0.447284,,0.384,0.4669,,0.384,0.487106,,0.384,0.507901,,0.384,0.529285,,0.384,0.551256,,0.384,0.573813,,0.384,0.59695,,0.384,0.620663,,0.384,0.644945,,0.384,0.669788,,0.384,0.695182,,0.384,0.721118,,0.384,0.747583,,0.384,0.774564,,0.384,0.802046,,0.384,0.830014,,0.384,0.858451,,0.384,0.887337,,0.384,0.916655,,0.384,0.946382,,0.384,0.976498,,0.384,1.00698,,0.384,1.0378,,0.384,1.06895,,0.384,1.10038,,0.384,1.13208,,0.384,1.16403,,0.384,1.19618,,0.384,1.22852,,0.384,1.26102,,0.384,1.29366,,0.384,1.32639,,0.384,1.3592,,0.384,1.39206,,0.384,1.42493,,0.384,1.4578,,0.384,1.49064,,0.384,1.52341,,0.384,1.55609,,0.384,1.58866,,0.384,1.62109,,0.384,1.65336,,0.384,1.68544,,0.384,1.71732,,0.384,1.74896,,0.384,1.78036,,0.384,1.81148,,0.384,1.84232,,0.384,1.87284,,0.384,1.90305,,0.384,1.93291,,0.384,1.96242,,0.384,1.99156,,0.384,2.02032,,0.384,2.0487,,0.384,2.07666,,0.384,2.10422
0.768,0.392703,,0.768,0.410623,,0.768,0.429127,,0.768,0.448217,,0.768,0.467897,,0.768,0.488168,,0.768,0.509031,,0.768,0.530485,,0.768,0.55253,,0.768,0.575161,,0.768,0.598376,,0.768,0.622167,,0.768,0.646529,,0.768,0.671454,,0.768,0.696931,,0.768,0.722951,,0.768,0.7495,,0.768,0.776566,,0.768,0.804133,,0.768,0.832185,,0.768,0.860705,,0.768,0.889674,,0.768,0.919073,,0.768,0.94888,,0.768,0.979073,,0.768,1.00963,,0.768,1.04053,,0.768,1.07174,,0.768,1.10324,,0.768,1.135,,0.768,1.167,,0.768,1.19921,,0.768,1.2316,,0.768,1.26415,,0.768,1.29682,,0.768,1.32959,,0.768,1.36243,,0.768,1.39531,,0.768,1.4282,,0.768,1.46108,,0.768,1.49393,,0.768,1.5267,,0.768,1.55938,,0.768,1.59194,,0.768,1.62436,,0.768,1.65661,,0.768,1.68867,,0.768,1.72052,,0.768,1.75213,,0.768,1.78349,,0.768,1.81457,,0.768,1.84536,,0.768,1.87584,,0.768,1.906,,0.768,1.93581,,0.768,1.96526,,0.768,1.99435,,0.768,2.02305,,0.768,2.05136,,0.768,2.07926,,0.768,2.10676
1.536,0.394186,,1.536,0.412214,,1.536,0.430829,,1.536,0.450037,,1.536,0.469839,,1.536,0.490237,,1.536,0.511232,,1.536,0.532823,,1.536,0.555009,,1.536,0.577785,,1.536,0.601148,,1.536,0.625091,,1.536,0.649608,,1.536,0.67469,,1.536,0.700326,,1.536,0.726507,,1.536,0.753218,,1.536,0.780445,,1.536,0.808174,,1.536,0.836387,,1.536,0.865067,,1.536,0.894193,,1.536,0.923746,,1.536,0.953703,,1.536,0.984043,,1.536,1.01474,,1.536,1.04577,,1.536,1.07711,,1.536,1.10874,,1.536,1.14062,,1.536,1.17272,,1.536,1.20503,,1.536,1.23752,,1.536,1.27014,,1.536,1.30288,,1.536,1.33571,,1.536,1.36861,,1.536,1.40153,,1.536,1.43445,,1.536,1.46735,,1.536,1.50021,,1.536,1.53298,,1.536,1.56565,,1.536,1.59819,,1.536,1.63058,,1.536,1.66279,,1.536,1.69481,,1.536,1.7266,,1.536,1.75815,,1.536,1.78943,,1.536,1.82044,,1.536,1.85114,,1.536,1.88153,,1.536,1.91158,,1.536,1.94129,,1.536,1.97064,,1.536,1.99961,,1.536,2.02819,,1.536,2.05638,,1.536,2.08417,,1.536,2.11153
2.736,0.396413,,2.736,0.414601,,2.736,0.433383,,2.736,0.452765,,2.736,0.472748,,2.736,0.493335,,2.736,0.514525,,2.736,0.536317,,2.736,0.55871,,2.736,0.581699,,2.736,0.60528,,2.736,0.629446,,2.736,0.654189,,2.736,0.679501,,2.736,0.70537,,2.736,0.731784,,2.736,0.75873,,2.736,0.786192,,2.736,0.814155,,2.736,0.8426,,2.736,0.871508,,2.736,0.90086,,2.736,0.930633,,2.736,0.960805,,2.736,0.991352,,2.736,1.02225,,2.736,1.05347,,2.736,1.085,,2.736,1.11679,,2.736,1.14883,,2.736,1.18108,,2.736,1.21353,,2.736,1.24613,,2.736,1.27886,,2.736,1.3117,,2.736,1.34461,,2.736,1.37756,,2.736,1.41053,,2.736,1.44349,,2.736,1.47641,,2.736,1.50927,,2.736,1.54203,,2.736,1.57468,,2.736,1.60718,,2.736,1.63952,,2.736,1.67166,,2.736,1.7036,,2.736,1.7353,,2.736,1.76674,,2.736,1.79792,,2.736,1.8288,,2.736,1.85937,,2.736,1.88962,,2.736,1.91952,,2.736,1.94907,,2.736,1.97826,,2.736,2.00706,,2.736,2.03547,,2.736,2.06348,,2.736,2.09109,,2.736,2.11827
3.936,0.398538,,3.936,0.416876,,3.936,0.435815,,3.936,0.45536,,3.936,0.475514,,3.936,0.496276,,3.936,0.517649,,3.936,0.539629,,3.936,0.562215,,3.936,0.585402,,3.936,0.609185,,3.936,0.633557,,3.936,0.65851,,3.936,0.684033,,3.936,0.710115,,3.936,0.736744,,3.936,0.763904,,3.936,0.79158,,3.936,0.819755,,3.936,0.84841,,3.936,0.877525,,3.936,0.907078,,3.936,0.937048,,3.936,0.967411,,3.936,0.998141,,3.936,1.02921,,3.936,1.0606,,3.936,1.09228,,3.936,1.12423,,3.936,1.1564,,3.936,1.18878,,3.936,1.22133,,3.936,1.25404,,3.936,1.28686,,3.936,1.31977,,3.936,1.35273,,3.936,1.38573,,3.936,1.41874,,3.936,1.45171,,3.936,1.48464,,3.936,1.51748,,3.936,1.55023,,3.936,1.58283,,3.936,1.61529,,3.936,1.64757,,3.936,1.67964,,3.936,1.71149,,3.936,1.7431,,3.936,1.77444,,3.936,1.8055,,3.936,1.83626,,3.936,1.8667,,3.936,1.89681,,3.936,1.92658,,3.936,1.95598,,3.936,1.98501,,3.936,2.01366,,3.936,2.04191,,3.936,2.06976,,3.936,2.09719,,3.936,2.12421
5.136,0.400562,,5.136,0.41904,,5.136,0.438127,,5.136,0.457826,,5.136,0.478138,,5.136,0.499066,,5.136,0.520608,,5.136,0.542763,,5.136,0.565528,,5.136,0.588899,,5.136,0.612869,,5.136,0.637432,,5.136,0.662577,,5.136,0.688295,,5.136,0.714573,,5.136,0.741397,,5.136,0.768753,,5.136,0.796624,,5.136,0.824991,,5.136,0.853835,,5.136,0.883136,,5.136,0.91287,,5.136,0.943015,,5.136,0.973547,,5.136,1.00444,,5.136,1.03567,,5.136,1.0672,,5.136,1.09902,,5.136,1.13109,,5.136,1.16338,,5.136,1.19586,,5.136,1.22851,,5.136,1.26129,,5.136,1.29418,,5.136,1.32714,,5.136,1.36015,,5.136,1.39319,,5.136,1.42621,,5.136,1.45919,,5.136,1.49211,,5.136,1.52493,,5.136,1.55764,,5.136,1.59021,,5.136,1.62261,,5.136,1.65482,,5.136,1.68682,,5.136,1.71858,,5.136,1.7501,,5.136,1.78134,,5.136,1.81229,,5.136,1.84293,,5.136,1.87325,,5.136,1.90323,,5.136,1.93286,,5.136,1.96212,,5.136,1.99101,,5.136,2.0195,,5.136,2.04761,,5.136,2.0753,,5.136,2.10258,,5.136,2.12944
6.336,0.402489,,6.336,0.4211,,6.336,0.440325,,6.336,0.460167,,6.336,0.480628,,6.336,0.501709,,6.336,0.52341,,6.336,0.545728,,6.336,0.56866,,6.336,0.592201,,6.336,0.616344,,6.336,0.641082,,6.336,0.666405,,6.336,0.692302,,6.336,0.718759,,6.336,0.745762,,6.336,0.773297,,6.336,0.801344,,6.336,0.829885,,6.336,0.8589,,6.336,0.888367,,6.336,0.918263,,6.336,0.948565,,6.336,0.979247,,6.336,1.01028,,6.336,1.04164,,6.336,1.07331,,6.336,1.10524,,6.336,1.13741,,6.336,1.1698,,6.336,1.20237,,6.336,1.23509,,6.336,1.26794,,6.336,1.30088,,6.336,1.33389,,6.336,1.36693,,6.336,1.39998,,6.336,1.43301,,6.336,1.46598,,6.336,1.49889,,6.336,1.53168,,6.336,1.56435,,6.336,1.59687,,6.336,1.62921,,6.336,1.66136,,6.336,1.69328,,6.336,1.72496,,6.336,1.75638,,6.336,1.78752,,6.336,1.81836,,6.336,1.84889,,6.336,1.87909,,6.336,1.90895,,6.336,1.93845,,6.336,1.96758,,6.336,1.99633,,6.336,2.02469,,6.336,2.05265,,6.336,2.08021,,6.336,2.10735,,6.336,2.13407
7.536,0.404324,,7.536,0.42306,,7.536,0.442414,,7.536,0.46239,,7.536,0.482991,,7.536,0.504215,,7.536,0.526063,,7.536,0.548532,,7.536,0.571619,,7.536,0.595318,,7.536,0.619621,,7.536,0.644521,,7.536,0.670007,,7.536,0.696068,,7.536,0.722689,,7.536,0.749856,,7.536,0.777552,,7.536,0.80576,,7.536,0.834458,,7.536,0.863627,,7.536,0.893244,,7.536,0.923284,,7.536,0.953725,,7.536,0.984539,,7.536,1.0157,,7.536,1.04718,,7.536,1.07895,,7.536,1.11098,,7.536,1.14325,,7.536,1.17572,,7.536,1.20836,,7.536,1.24114,,7.536,1.27404,,7.536,1.30702,,7.536,1.34006,,7.536,1.37312,,7.536,1.40617,,7.536,1.4392,,7.536,1.47216,,7.536,1.50504,,7.536,1.5378,,7.536,1.57043,,7.536,1.6029,,7.536,1.63518,,7.536,1.66725,,7.536,1.6991,,7.536,1.73069,,7.536,1.76202,,7.536,1.79306,,7.536,1.8238,,7.536,1.85422,,7.536,1.88431,,7.536,1.91405,,7.536,1.94343,,7.536,1.97244,,7.536,2.00106,,7.536,2.02929,,7.536,2.05713,,7.536,2.08455,,7.536,2.11156,,7.536,2.13815
8.736,0.40607,,8.736,0.424923,,8.736,0.444399,,8.736,0.464501,,8.736,0.485231,,8.736,0.506589,,8.736,0.528575,,8.736,0.551185,,8.736,0.574415,,8.736,0.598259,,8.736,0.622711,,8.736,0.64776,,8.736,0.673396,,8.736,0.699607,,8.736,0.726378,,8.736,0.753695,,8.736,0.781538,,8.736,0.80989,,8.736,0.838731,,8.736,0.868038,,8.736,0.897788,,8.736,0.927958,,8.736,0.958521,,8.736,0.989452,,8.736,1.02072,,8.736,1.0523,,8.736,1.08417,,8.736,1.11629,,8.736,1.14863,,8.736,1.18117,,8.736,1.21387,,8.736,1.2467,,8.736,1.27964,,8.736,1.31265,,8.736,1.3457,,8.736,1.37877,,8.736,1.41182,,8.736,1.44483,,8.736,1.47778,,8.736,1.51063,,8.736,1.54335,,8.736,1.57593,,8.736,1.60834,,8.736,1.64056,,8.736,1.67256,,8.736,1.70433,,8.736,1.73584,,8.736,1.76708,,8.736,1.79803,,8.736,1.82867,,8.736,1.85899,,8.736,1.88897,,8.736,1.9186,,8.736,1.94786,,8.736,1.97675,,8.736,2.00526,,8.736,2.03338,,8.736,2.06109,,8.736,2.08839,,8.736,2.11528,,8.736,2.14175
9.936,0.407733,,9.936,0.426695,,9.936,0.446285,,9.936,0.466504,,9.936,0.487356,,9.936,0.508839,,9.936,0.530952,,9.936,0.553693,,9.936,0.577056,,9.936,0.601035,,9.936,0.625623,,9.936,0.65081,,9.936,0.676584,,9.936,0.702932,,9.936,0.729841,,9.936,0.757293,,9.936,0.78527,,9.936,0.813753,,9.936,0.842722,,9.936,0.872153,,9.936,0.902023,,9.936,0.932307,,9.936,0.962978,,9.936,0.994011,,9.936,1.02538,,9.936,1.05705,,9.936,1.08899,,9.936,1.12118,,9.936,1.15359,,9.936,1.18618,,9.936,1.21893,,9.936,1.2518,,9.936,1.28476,,9.936,1.31779,,9.936,1.35086,,9.936,1.38392,,9.936,1.41697,,9.936,1.44997,,9.936,1.48288,,9.936,1.5157,,9.936,1.54838,,9.936,1.58091,,9.936,1.61326,,9.936,1.64542,,9.936,1.67735,,9.936,1.70904,,9.936,1.74047,,9.936,1.77163,,9.936,1.80248,,9.936,1.83303,,9.936,1.86325,,9.936,1.89313,,9.936,1.92265,,9.936,1.95181,,9.936,1.9806,,9.936,2.009,,9.936,2.037,,9.936,2.0646,,9.936,2.0918,,9.936,2.11857,,9.936,2.14493
11.136,0.409315,,11.136,0.42838,,11.136,0.448076,,11.136,0.468406,,11.136,0.48937,,11.136,0.510969,,11.136,0.533202,,11.136,0.556063,,11.136,0.57955,,11.136,0.603654,,11.136,0.628367,,11.136,0.653681,,11.136,0.679581,,11.136,0.706056,,11.136,0.733089,,11.136,0.760665,,11.136,0.788763,,11.136,0.817365,,11.136,0.846449,,11.136,0.875991,,11.136,0.905967,,11.136,0.936353,,11.136,0.96712,,11.136,0.998243,,11.136,1.02969,,11.136,1.06144,,11.136,1.09345,,11.136,1.1257,,11.136,1.15816,,11.136,1.1908,,11.136,1.22358,,11.136,1.25648,,11.136,1.28946,,11.136,1.3225,,11.136,1.35557,,11.136,1.38863,,11.136,1.42166,,11.136,1.45464,,11.136,1.48752,,11.136,1.5203,,11.136,1.55294,,11.136,1.58542,,11.136,1.61771,,11.136,1.6498,,11.136,1.68167,,11.136,1.71329,,11.136,1.74464,,11.136,1.77571,,11.136,1.80648,,11.136,1.83693,,11.136,1.86706,,11.136,1.89684,,11.136,1.92627,,11.136,1.95533,,11.136,1.98402,,11.136,2.01231,,11.136,2.04022,,11.136,2.06772,,11.136,2.09481,,11.136,2.12149,,11.136,2.14774
12.336,0.41082,,12.336,0.429982,,12.336,0.449777,,12.336,0.47021,,12.336,0.49128,,12.336,0.512987,,12.336,0.53533,,12.336,0.558304,,12.336,0.581904,,12.336,0.606124,,12.336,0.630953,,12.336,0.656383,,12.336,0.6824,,12.336,0.70899,,12.336,0.736137,,12.336,0.763825,,12.336,0.792033,,12.336,0.820742,,12.336,0.849928,,12.336,0.87957,,12.336,0.909641,,12.336,0.940116,,12.336,0.970968,,12.336,1.00217,,12.336,1.03369,,12.336,1.0655,,12.336,1.09757,,12.336,1.12988,,12.336,1.16238,,12.336,1.19505,,12.336,1.22786,,12.336,1.26078,,12.336,1.29377,,12.336,1.32682,,12.336,1.35988,,12.336,1.39293,,12.336,1.42594,,12.336,1.45889,,12.336,1.49174,,12.336,1.52448,,12.336,1.55707,,12.336,1.5895,,12.336,1.62174,,12.336,1.65376,,12.336,1.68556,,12.336,1.71711,,12.336,1.74838,,12.336,1.77937,,12.336,1.81006,,12.336,1.84043,,12.336,1.87047,,12.336,1.90016,,12.336,1.9295,,12.336,1.95847,,12.336,1.98706,,12.336,2.01526,,12.336,2.04307,,12.336,2.07048,,12.336,2.09748,,12.336,2.12406,,12.336,2.15023
13.536,0.412253,,13.536,0.431504,,13.536,0.451393,,13.536,0.471921,,13.536,0.49309,,13.536,0.514898,,13.536,0.537343,,13.536,0.560422,,13.536,0.584128,,13.536,0.608453,,13.536,0.63339,,13.536,0.658926,,13.536,0.685049,,13.536,0.711744,,13.536,0.738996,,13.536,0.766785,,13.536,0.795093,,13.536,0.823898,,13.536,0.853177,,13.536,0.882907,,13.536,0.913063,,13.536,0.943617,,13.536,0.974543,,13.536,1.00581,,13.536,1.03739,,13.536,1.06926,,13.536,1.10138,,13.536,1.13373,,13.536,1.16626,,13.536,1.19896,,13.536,1.23179,,13.536,1.26472,,13.536,1.29772,,13.536,1.33076,,13.536,1.36381,,13.536,1.39685,,13.536,1.42984,,13.536,1.46276,,13.536,1.49557,,13.536,1.52827,,13.536,1.56082,,13.536,1.59319,,13.536,1.62537,,13.536,1.65734,,13.536,1.68907,,13.536,1.72054,,13.536,1.75175,,13.536,1.78266,,13.536,1.81327,,13.536,1.84356,,13.536,1.87352,,13.536,1.90313,,13.536,1.93238,,13.536,1.96126,,13.536,1.98977,,13.536,2.01789,,13.536,2.04561,,13.536,2.07293,,13.536,2.09984,,13.536,2.12634,,13.536,2.15242
14.736,0.413615,,14.736,0.432951,,14.736,0.452927,,14.736,0.473545,,14.736,0.494805,,14.736,0.516707,,14.736,0.539248,,14.736,0.562423,,14.736,0.586226,,14.736,0.61065,,14.736,0.635685,,14.736,0.661319,,14.736,0.687539,,14.736,0.714331,,14.736,0.741676,,14.736,0.769558,,14.736,0.797955,,14.736,0.826847,,14.736,0.85621,,14.736,0.886019,,14.736,0.916249,,14.736,0.946872,,14.736,0.977862,,14.736,1.00919,,14.736,1.04083,,14.736,1.07274,,14.736,1.1049,,14.736,1.13728,,14.736,1.16984,,14.736,1.20256,,14.736,1.2354,,14.736,1.26834,,14.736,1.30134,,14.736,1.33437,,14.736,1.36741,,14.736,1.40043,,14.736,1.43339,,14.736,1.46628,,14.736,1.49906,,14.736,1.53171,,14.736,1.56421,,14.736,1.59653,,14.736,1.62866,,14.736,1.66056,,14.736,1.69223,,14.736,1.72364,,14.736,1.75478,,14.736,1.78562,,14.736,1.81615,,14.736,1.84637,,14.736,1.87625,,14.736,1.90578,,14.736,1.93495,,14.736,1.96375,,14.736,1.99218,,14.736,2.02022,,14.736,2.04786,,14.736,2.0751,,14.736,2.10194,,14.736,2.12836,,14.736,2.15436
15.936,0.414911,,15.936,0.434326,,15.936,0.454383,,15.936,0.475085,,15.936,0.496431,,15.936,0.518419,,15.936,0.541048,,15.936,0.564313,,15.936,0.588207,,15.936,0.612721,,15.936,0.637846,,15.936,0.66357,,15.936,0.68988,,15.936,0.716759,,15.936,0.74419,,15.936,0.772155,,15.936,0.800634,,15.936,0.829603,,15.936,0.85904,,15.936,0.888919,,15.936,0.919215,,15.936,0.949899,,15.936,0.980945,,15.936,1.01232,,15.936,1.044,,15.936,1.07596,,15.936,1.10815,,15.936,1.14055,,15.936,1.17314,,15.936,1.20587,,15.936,1.23872,,15.936,1.27166,,15.936,1.30466,,15.936,1.33768,,15.936,1.3707,,15.936,1.40369,,15.936,1.43663,,15.936,1.46948,,15.936,1.50223,,15.936,1.53484,,15.936,1.56729,,15.936,1.59956,,15.936,1.63163,,15.936,1.66348,,15.936,1.69508,,15.936,1.72643,,15.936,1.7575,,15.936,1.78827,,15.936,1.81874,,15.936,1.84888,,15.936,1.87869,,15.936,1.90814,,15.936,1.93724,,15.936,1.96597,,15.936,1.99432,,15.936,2.02229,,15.936,2.04986,,15.936,2.07703,,15.936,2.10379,,15.936,2.13014,,15.936,2.15608
17.136,0.416143,,17.136,0.435632,,17.136,0.455766,,17.136,0.476545,,17.136,0.49797,,17.136,0.52004,,17.136,0.542751,,17.136,0.566099,,17.136,0.590076,,17.136,0.614673,,17.136,0.639882,,17.136,0.665688,,17.136,0.692079,,17.136,0.719038,,17.136,0.746547,,17.136,0.774588,,17.136,0.803139,,17.136,0.832178,,17.136,0.861681,,17.136,0.891622,,17.136,0.921975,,17.136,0.952714,,17.136,0.983808,,17.136,1.01523,,17.136,1.04695,,17.136,1.07893,,17.136,1.11115,,17.136,1.14358,,17.136,1.17618,,17.136,1.20892,,17.136,1.24177,,17.136,1.27471,,17.136,1.30769,,17.136,1.3407,,17.136,1.37371,,17.136,1.40668,,17.136,1.43958,,17.136,1.4724,,17.136,1.50511,,17.136,1.53767,,17.136,1.57008,,17.136,1.6023,,17.136,1.63432,,17.136,1.66611,,17.136,1.69765,,17.136,1.72894,,17.136,1.75994,,17.136,1.79065,,17.136,1.82105,,17.136,1.85113,,17.136,1.88087,,17.136,1.91026,,17.136,1.93929,,17.136,1.96795,,17.136,1.99624,,17.136,2.02413,,17.136,2.05164,,17.136,2.07874,,17.136,2.10544,,17.136,2.13172,,17.136,2.15759
18.336,0.417315,,18.336,0.436873,,18.336,0.457078,,18.336,0.47793,,18.336,0.499429,,18.336,0.521574,,18.336,0.544361,,18.336,0.567785,,18.336,0.591839,,18.336,0.616514,,18.336,0.641798,,18.336,0.66768,,18.336,0.694145,,18.336,0.721176,,18.336,0.748756,,18.336,0.776865,,18.336,0.805482,,18.336,0.834583,,18.336,0.864145,,18.336,0.894141,,18.336,0.924545,,18.336,0.95533,,18.336,0.986466,,18.336,1.01792,,18.336,1.04967,,18.336,1.08168,,18.336,1.11393,,18.336,1.14637,,18.336,1.17898,,18.336,1.21172,,18.336,1.24457,,18.336,1.2775,,18.336,1.31048,,18.336,1.34347,,18.336,1.37645,,18.336,1.4094,,18.336,1.44227,,18.336,1.47506,,18.336,1.50772,,18.336,1.54025,,18.336,1.57261,,18.336,1.60478,,18.336,1.63674,,18.336,1.66848,,18.336,1.69997,,18.336,1.7312,,18.336,1.76215,,18.336,1.7928,,18.336,1.82313,,18.336,1.85315,,18.336,1.88282,,18.336,1.91215,,18.336,1.94112,,18.336,1.96972,,18.336,1.99794,,18.336,2.02577,,18.336,2.05321,,18.336,2.08026,,18.336,2.10689,,18.336,2.13312,,18.336,2.15893
19.536,0.418429,,19.536,0.438052,,19.536,0.458323,,19.536,0.479243,,19.536,0.500811,,19.536,0.523026,,19.536,0.545884,,19.536,0.569378,,19.536,0.593503,,19.536,0.618248,,19.536,0.643602,,19.536,0.669553,,19.536,0.696086,,19.536,0.723183,,19.536,0.750827,,19.536,0.778998,,19.536,0.807673,,19.536,0.83683,,19.536,0.866444,,19.536,0.896488,,19.536,0.926937,,19.536,0.957762,,19.536,0.988933,,19.536,1.02042,,19.536,1.0522,,19.536,1.08423,,19.536,1.11649,,19.536,1.14894,,19.536,1.18155,,19.536,1.2143,,19.536,1.24715,,19.536,1.28007,,19.536,1.31303,,19.536,1.346,,19.536,1.37896,,19.536,1.41188,,19.536,1.44472,,19.536,1.47747,,19.536,1.5101,,19.536,1.54258,,19.536,1.5749,,19.536,1.60702,,19.536,1.63894,,19.536,1.67063,,19.536,1.70206,,19.536,1.73324,,19.536,1.76413,,19.536,1.79472,,19.536,1.825,,19.536,1.85495,,19.536,1.88457,,19.536,1.91384,,19.536,1.94275,,19.536,1.97129,,19.536,1.99945,,19.536,2.02723,,19.536,2.05462,,19.536,2.0816,,19.536,2.10818,,19.536,2.13436,,19.536,2.16012
20.736,0.419488,,20.736,0.439172,,20.736,0.459505,,20.736,0.480488,,20.736,0.50212,,20.736,0.5244,,20.736,0.547322,,20.736,0.570883,,20.736,0.595072,,20.736,0.619882,,20.736,0.645301,,20.736,0.671315,,20.736,0.697909,,20.736,0.725066,,20.736,0.752768,,20.736,0.780994,,20.736,0.809722,,20.736,0.838928,,20.736,0.868588,,20.736,0.898675,,20.736,0.929163,,20.736,0.960022,,20.736,0.991223,,20.736,1.02274,,20.736,1.05453,,20.736,1.08658,,20.736,1.11885,,20.736,1.15131,,20.736,1.18393,,20.736,1.21667,,20.736,1.24951,,20.736,1.28242,,20.736,1.31537,,20.736,1.34832,,20.736,1.38126,,20.736,1.41414,,20.736,1.44696,,20.736,1.47967,,20.736,1.51226,,20.736,1.5447,,20.736,1.57698,,20.736,1.60906,,20.736,1.64092,,20.736,1.67256,,20.736,1.70395,,20.736,1.73507,,20.736,1.76591,,20.736,1.79645,,20.736,1.82667,,20.736,1.85657,,20.736,1.88614,,20.736,1.91535,,20.736,1.94421,,20.736,1.97269,,20.736,2.0008,,20.736,2.02853,,20.736,2.05586,,20.736,2.0828,,20.736,2.10933,,20.736,2.13545,,20.736,2.16117
21.936,0.420495,,21.936,0.440236,,21.936,0.460626,,21.936,0.481668,,21.936,0.50336,,21.936,0.525699,,21.936,0.548682,,21.936,0.572303,,21.936,0.596553,,21.936,0.621422,,21.936,0.6469,,21.936,0.672971,,21.936,0.699621,,21.936,0.726833,,21.936,0.754587,,21.936,0.782863,,21.936,0.811637,,21.936,0.840888,,21.936,0.870588,,21.936,0.900713,,21.936,0.931234,,21.936,0.962122,,21.936,0.993349,,21.936,1.02488,,21.936,1.0567,,21.936,1.08876,,21.936,1.12104,,21.936,1.1535,,21.936,1.18611,,21.936,1.21885,,21.936,1.25169,,21.936,1.28458,,21.936,1.31751,,21.936,1.35044,,21.936,1.38335,,21.936,1.41621,,21.936,1.44899,,21.936,1.48167,,21.936,1.51422,,21.936,1.54663,,21.936,1.57886,,21.936,1.6109,,21.936,1.64272,,21.936,1.67431,,21.936,1.70565,,21.936,1.73672,,21.936,1.76751,,21.936,1.798,,21.936,1.82817,,21.936,1.85802,,21.936,1.88754,,21.936,1.9167,,21.936,1.94551,,21.936,1.97394,,21.936,2.002,,21.936,2.02968,,21.936,2.05697,,21.936,2.08386,,21.936,2.11034,,21.936,2.13643,,21.936,2.1621
23.136,0.421453,,23.136,0.441246,,23.136,0.46169,,23.136,0.482786,,23.136,0.504533,,23.136,0.526929,,23.136,0.549968,,23.136,0.573644,,23.136,0.597949,,23.136,0.622873,,23.136,0.648404,,23.136,0.674528,,23.136,0.70123,,23.136,0.72849,,23.136,0.756291,,23.136,0.784612,,23.136,0.813428,,23.136,0.842718,,23.136,0.872454,,23.136,0.902611,,23.136,0.93316,,23.136,0.964074,,23.136,0.995322,,23.136,1.02687,,23.136,1.0587,,23.136,1.09077,,23.136,1.12305,,23.136,1.15552,,23.136,1.18813,,23.136,1.22086,,23.136,1.25368,,23.136,1.28656,,23.136,1.31947,,23.136,1.35238,,23.136,1.38527,,23.136,1.4181,,23.136,1.45085,,23.136,1.48349,,23.136,1.51601,,23.136,1.54837,,23.136,1.58057,,23.136,1.61256,,23.136,1.64434,,23.136,1.67589,,23.136,1.70718,,23.136,1.73821,,23.136,1.76895,,23.136,1.79939,,23.136,1.82952,,23.136,1.85932,,23.136,1.88879,,23.136,1.91791,,23.136,1.94667,,23.136,1.97506,,23.136,2.00307,,23.136,2.03071,,23.136,2.05795,,23.136,2.0848,,23.136,2.11124,,23.136,2.13728,,23.136,2.16292
24.336,0.422362,,24.336,0.442205,,24.336,0.462699,,24.336,0.483847,,24.336,0.505645,,24.336,0.528092,,24.336,0.551182,,24.336,0.57491,,24.336,0.599266,,24.336,0.62424,,24.336,0.649821,,24.336,0.675992,,24.336,0.70274,,24.336,0.730045,,24.336,0.757888,,24.336,0.786249,,24.336,0.815103,,24.336,0.844426,,24.336,0.874194,,24.336,0.904379,,24.336,0.934953,,24.336,0.965888,,24.336,0.997153,,24.336,1.02872,,24.336,1.06056,,24.336,1.09263,,24.336,1.12492,,24.336,1.15738,,24.336,1.18998,,24.336,1.22271,,24.336,1.25551,,24.336,1.28838,,24.336,1.32127,,24.336,1.35416,,24.336,1.38701,,24.336,1.41982,,24.336,1.45254,,24.336,1.48515,,24.336,1.51763,,24.336,1.54996,,24.336,1.58211,,24.336,1.61407,,24.336,1.64581,,24.336,1.67731,,24.336,1.70856,,24.336,1.73955,,24.336,1.77024,,24.336,1.80064,,24.336,1.83073,,24.336,1.86049,,24.336,1.88991,,24.336,1.91899,,24.336,1.9477,,24.336,1.97605,,24.336,2.00403,,24.336,2.03162,,24.336,2.05882,,24.336,2.08563,,24.336,2.11204,,24.336,2.13805,,24.336,2.16364
25.536,0.423227,,25.536,0.443116,,25.536,0.463657,,25.536,0.484851,,25.536,0.506697,,25.536,0.529192,,25.536,0.55233,,25.536,0.576105,,25.536,0.600508,,25.536,0.625528,,25.536,0.651153,,25.536,0.677369,,25.536,0.704158,,25.536,0.731503,,25.536,0.759385,,25.536,0.78778,,25.536,0.816667,,25.536,0.846022,,25.536,0.875817,,25.536,0.906026,,25.536,0.936621,,25.536,0.967573,,25.536,0.998852,,25.536,1.03043,,25.536,1.06227,,25.536,1.09435,,25.536,1.12663,,25.536,1.15909,,25.536,1.19169,,25.536,1.2244,,25.536,1.2572,,25.536,1.29004,,25.536,1.32291,,25.536,1.35578,,25.536,1.38861,,25.536,1.42139,,25.536,1.45408,,25.536,1.48666,,25.536,1.51911,,25.536,1.5514,,25.536,1.58352,,25.536,1.61543,,25.536,1.64713,,25.536,1.6786,,25.536,1.70981,,25.536,1.74075,,25.536,1.77141,,25.536,1.80177,,25.536,1.83181,,25.536,1.86153,,25.536,1.89091,,25.536,1.91995,,25.536,1.94863,,25.536,1.97694,,25.536,2.00488,,25.536,2.03243,,25.536,2.0596,,25.536,2.08637,,25.536,2.11275,,25.536,2.13872,,25.536,2.16428
26.736,0.424049,,26.736,0.44398,,26.736,0.464565,,26.736,0.485803,,26.736,0.507693,,26.736,0.530232,,26.736,0.553414,,26.736,0.577233,,26.736,0.601679,,26.736,0.626741,,26.736,0.652407,,26.736,0.678662,,26.736,0.705489,,26.736,0.732871,,26.736,0.760786,,26.736,0.789214,,26.736,0.81813,,26.736,0.847511,,26.736,0.87733,,26.736,0.907559,,26.736,0.938172,,26.736,0.969139,,26.736,1.00043,,26.736,1.03201,,26.736,1.06386,,26.736,1.09594,,26.736,1.12822,,26.736,1.16067,,26.736,1.19326,,26.736,1.22596,,26.736,1.25874,,26.736,1.29157,,26.736,1.32442,,26.736,1.35726,,26.736,1.39007,,26.736,1.42282,,26.736,1.45548,,26.736,1.48803,,26.736,1.52045,,26.736,1.55271,,26.736,1.58479,,26.736,1.61667,,26.736,1.64833,,26.736,1.67976,,26.736,1.71094,,26.736,1.74184,,26.736,1.77246,,26.736,1.80278,,26.736,1.83279,,26.736,1.86247,,26.736,1.89181,,26.736,1.92081,,26.736,1.94945,,26.736,1.97773,,26.736,2.00563,,26.736,2.03315,,26.736,2.06029,,26.736,2.08703,,26.736,2.11338,,26.736,2.13932,,26.736,2.16485
27.936,0.42483,,27.936,0.444801,,27.936,0.465427,,27.936,0.486706,,27.936,0.508637,,27.936,0.531216,,27.936,0.554439,,27.936,0.578297,,27.936,0.602783,,27.936,0.627883,,27.936,0.653587,,27.936,0.679878,,27.936,0.706739,,27.936,0.734153,,27.936,0.762099,,27.936,0.790555,,27.936,0.819497,,27.936,0.848901,,27.936,0.87874,,27.936,0.908988,,27.936,0.939615,,27.936,0.970593,,27.936,1.00189,,27.936,1.03348,,27.936,1.06533,,27.936,1.09741,,27.936,1.12969,,27.936,1.16213,,27.936,1.19471,,27.936,1.2274,,27.936,1.26016,,27.936,1.29297,,27.936,1.3258,,27.936,1.35862,,27.936,1.39141,,27.936,1.42413,,27.936,1.45676,,27.936,1.48928,,27.936,1.52166,,27.936,1.55389,,27.936,1.58594,,27.936,1.61779,,27.936,1.64942,,27.936,1.68081,,27.936,1.71195,,27.936,1.74282,,27.936,1.7734,,27.936,1.80369,,27.936,1.83366,,27.936,1.86331,,27.936,1.89262,,27.936,1.92158,,27.936,1.95019,,27.936,1.97844,,27.936,2.00631,,27.936,2.0338,,27.936,2.0609,,27.936,2.08762,,27.936,2.11393,,27.936,2.13984,,27.936,2.16535
29.136,0.425572,,29.136,0.445581,,29.136,0.466244,,29.136,0.48756,,29.136,0.509529,,29.136,0.532146,,29.136,0.555407,,29.136,0.579302,,29.136,0.603823,,29.136,0.628959,,29.136,0.654697,,29.136,0.68102,,29.136,0.707913,,29.136,0.735356,,29.136,0.763329,,29.136,0.79181,,29.136,0.820775,,29.136,0.850199,,29.136,0.880056,,29.136,0.910318,,29.136,0.940957,,29.136,0.971944,,29.136,1.00325,,29.136,1.03484,,29.136,1.06669,,29.136,1.09877,,29.136,1.13104,,29.136,1.16348,,29.136,1.19605,,29.136,1.22872,,29.136,1.26147,,29.136,1.29426,,29.136,1.32707,,29.136,1.35987,,29.136,1.39262,,29.136,1.42532,,29.136,1.45793,,29.136,1.49042,,29.136,1.52277,,29.136,1.55497,,29.136,1.58698,,29.136,1.6188,,29.136,1.6504,,29.136,1.68176,,29.136,1.71286,,29.136,1.7437,,29.136,1.77425,,29.136,1.8045,,29.136,1.83444,,29.136,1.86406,,29.136,1.89334,,29.136,1.92227,,29.136,1.95085,,29.136,1.97906,,29.136,2.00691,,29.136,2.03437,,29.136,2.06145,,29.136,2.08813,,29.136,2.11442,,29.136,2.14031,,29.136,2.1658
30.336,0.426277,,30.336,0.44632,,30.336,0.467018,,30.336,0.48837,,30.336,0.510374,,30.336,0.533026,,30.336,0.556321,,30.336,0.58025,,30.336,0.604805,,30.336,0.629973,,30.336,0.655741,,30.336,0.682094,,30.336,0.709014,,30.336,0.736484,,30.336,0.764481,,30.336,0.792984,,30.336,0.821969,,30.336,0.85141,,30.336,0.881282,,30.336,0.911557,,30.336,0.942206,,30.336,0.9732,,30.336,1.00451,,30.336,1.0361,,30.336,1.06795,,30.336,1.10002,,30.336,1.13229,,30.336,1.16472,,30.336,1.19727,,30.336,1.22993,,30.336,1.26266,,30.336,1.29544,,30.336,1.32823,,30.336,1.361,,30.336,1.39374,,30.336,1.42641,,30.336,1.45899,,30.336,1.49145,,30.336,1.52378,,30.336,1.55594,,30.336,1.58793,,30.336,1.61972,,30.336,1.65128,,30.336,1.68261,,30.336,1.71369,,30.336,1.74449,,30.336,1.77501,,30.336,1.80523,,30.336,1.83514,,30.336,1.86473,,30.336,1.89398,,30.336,1.92289,,30.336,1.95144,,30.336,1.97963,,30.336,2.00744,,30.336,2.03488,,30.336,2.06193,,30.336,2.08859,,30.336,2.11486,,30.336,2.14073,,30.336,2.16619
31.536,0.426947,,31.536,0.447023,,31.536,0.467753,,31.536,0.489138,,31.536,0.511174,,31.536,0.533858,,31.536,0.557184,,31.536,0.581145,,31.536,0.605729,,31.536,0.630927,,31.536,0.656723,,31.536,0.683103,,31.536,0.710048,,31.536,0.737541,,31.536,0.76556,,31.536,0.794082,,31.536,0.823084,,31.536,0.852541,,31.536,0.882425,,31.536,0.91271,,31.536,0.943366,,31.536,0.974366,,31.536,1.00568,,31.536,1.03727,,31.536,1.06912,,31.536,1.10118,,31.536,1.13344,,31.536,1.16586,,31.536,1.1984,,31.536,1.23105,,31.536,1.26376,,31.536,1.29652,,31.536,1.32929,,31.536,1.36204,,31.536,1.39476,,31.536,1.4274,,31.536,1.45995,,31.536,1.49239,,31.536,1.52469,,31.536,1.55683,,31.536,1.58879,,31.536,1.62055,,31.536,1.65208,,31.536,1.68339,,31.536,1.71443,,31.536,1.74521,,31.536,1.7757,,31.536,1.80589,,31.536,1.83578,,31.536,1.86533,,31.536,1.89456,,31.536,1.92344,,31.536,1.95196,,31.536,1.98013,,31.536,2.00792,,31.536,2.03533,,31.536,2.06236,,31.536,2.089,,31.536,2.11525,,31.536,2.1411,,31.536,2.16654
32.736,0.427583,,32.736,0.447689,,32.736,0.46845,,32.736,0.489864,,32.736,0.511931,,32.736,0.534645,,32.736,0.558,,32.736,0.581989,,32.736,0.606601,,32.736,0.631825,,32.736,0.657647,,32.736,0.684051,,32.736,0.711019,,32.736,0.738532,,32.736,0.76657,,32.736,0.79511,,32.736,0.824127,,32.736,0.853596,,32.736,0.883491,,32.736,0.913784,,32.736,0.944446,,32.736,0.975449,,32.736,1.00676,,32.736,1.03835,,32.736,1.0702,,32.736,1.10226,,32.736,1.13451,,32.736,1.16691,,32.736,1.19945,,32.736,1.23208,,32.736,1.26477,,32.736,1.29751,,32.736,1.33026,,32.736,1.36299,,32.736,1.39568,,32.736,1.42831,,32.736,1.46084,,32.736,1.49325,,32.736,1.52552,,32.736,1.55764,,32.736,1.58957,,32.736,1.6213,,32.736,1.65281,,32.736,1.68408,,32.736,1.7151,,32.736,1.74585,,32.736,1.77632,,32.736,1.80648,,32.736,1.83634,,32.736,1.86587,,32.736,1.89507,,32.736,1.92393,,32.736,1.95243,,32.736,1.98057,,32.736,2.00834,,32.736,2.03574,,32.736,2.06274,,32.736,2.08937,,32.736,2.11559,,32.736,2.14142,,32.736,2.16685
33.936,0.428188,,33.936,0.448322,,33.936,0.46911,,33.936,0.490553,,33.936,0.512647,,33.936,0.535388,,33.936,0.558771,,33.936,0.582786,,33.936,0.607423,,33.936,0.632671,,33.936,0.658516,,33.936,0.684941,,33.936,0.71193,,33.936,0.739462,,33.936,0.767516,,33.936,0.796071,,33.936,0.825101,,33.936,0.854581,,33.936,0.884484,,33.936,0.914784,,33.936,0.94545,,33.936,0.976455,,33.936,1.00777,,33.936,1.03936,,33.936,1.07119,,33.936,1.10325,,33.936,1.13549,,33.936,1.16788,,33.936,1.2004,,33.936,1.23302,,33.936,1.2657,,33.936,1.29842,,33.936,1.33115,,33.936,1.36386,,33.936,1.39653,,33.936,1.42913,,33.936,1.46164,,33.936,1.49403,,33.936,1.52628,,33.936,1.55837,,33.936,1.59027,,33.936,1.62198,,33.936,1.65346,,33.936,1.68471,,33.936,1.71571,,33.936,1.74643,,33.936,1.77687,,33.936,1.80702,,33.936,1.83685,,33.936,1.86636,,33.936,1.89554,,33.936,1.92437,,33.936,1.95285,,33.936,1.98097,,33.936,2.00872,,33.936,2.03609,,33.936,2.06308,,33.936,2.08969,,33.936,2.1159,,33.936,2.14171,,33.936,2.16712
35.136,0.428762,,35.136,0.448922,,35.136,0.469737,,35.136,0.491205,,35.136,0.513325,,35.136,0.536091,,35.136,0.559498,,35.136,0.583537,,35.136,0.608198,,35.136,0.633468,,35.136,0.659333,,35.136,0.685778,,35.136,0.712785,,35.136,0.740333,,35.136,0.768402,,35.136,0.79697,,35.136,0.826011,,35.136,0.8555,,35.136,0.88541,,35.136,0.915714,,35.136,0.946384,,35.136,0.977389,,35.136,1.0087,,35.136,1.04029,,35.136,1.07212,,35.136,1.10416,,35.136,1.1364,,35.136,1.16878,,35.136,1.20129,,35.136,1.23389,,35.136,1.26655,,35.136,1.29926,,35.136,1.33197,,35.136,1.36466,,35.136,1.39731,,35.136,1.42989,,35.136,1.46237,,35.136,1.49474,,35.136,1.52696,,35.136,1.55903,,35.136,1.59091,,35.136,1.62259,,35.136,1.65406,,35.136,1.68528,,35.136,1.71625,,35.136,1.74695,,35.136,1.77737,,35.136,1.80749,,35.136,1.83731,,35.136,1.86679,,35.136,1.89595,,35.136,1.92476,,35.136,1.95323,,35.136,1.98133,,35.136,2.00906,,35.136,2.03641,,35.136,2.06339,,35.136,2.08997,,35.136,2.11617,,35.136,2.14196,,35.136,2.16736
36.336,0.429308,,36.336,0.449492,,36.336,0.470331,,36.336,0.491823,,36.336,0.513966,,36.336,0.536756,,36.336,0.560185,,36.336,0.584246,,36.336,0.608928,,36.336,0.634218,,36.336,0.660102,,36.336,0.686564,,36.336,0.713587,,36.336,0.74115,,36.336,0.769232,,36.336,0.797811,,36.336,0.826861,,36.336,0.856357,,36.336,0.886273,,36.336,0.916581,,36.336,0.947252,,36.336,0.978257,,36.336,1.00957,,36.336,1.04115,,36.336,1.07297,,36.336,1.10501,,36.336,1.13723,,36.336,1.1696,,36.336,1.2021,,36.336,1.23469,,36.336,1.26734,,36.336,1.30002,,36.336,1.33272,,36.336,1.36539,,36.336,1.39802,,36.336,1.43058,,36.336,1.46304,,36.336,1.49538,,36.336,1.52759,,36.336,1.55963,,36.336,1.59149,,36.336,1.62315,,36.336,1.65459,,36.336,1.68579,,36.336,1.71674,,36.336,1.74743,,36.336,1.77782,,36.336,1.80792,,36.336,1.83771,,36.336,1.86718,,36.336,1.89632,,36.336,1.92512,,36.336,1.95356,,36.336,1.98164,,36.336,2.00936,,36.336,2.0367,,36.336,2.06366,,36.336,2.09023,,36.336,2.11641,,36.336,2.14219,,36.336,2.16757
37.536,0.429826,,37.536,0.450032,,37.536,0.470894,,37.536,0.492408,,37.536,0.514573,,37.536,0.537384,,37.536,0.560834,,37.536,0.584915,,37.536,0.609616,,37.536,0.634924,,37.536,0.660825,,37.536,0.687303,,37.536,0.71434,,37.536,0.741916,,37.536,0.770009,,37.536,0.798597,,37.536,0.827655,,37.536,0.857158,,37.536,0.887078,,37.536,0.917388,,37.536,0.948059,,37.536,0.979063,,37.536,1.01037,,37.536,1.04195,,37.536,1.07376,,37.536,1.10579,,37.536,1.138,,37.536,1.17037,,37.536,1.20285,,37.536,1.23542,,37.536,1.26805,,37.536,1.30072,,37.536,1.3334,,37.536,1.36606,,37.536,1.39866,,37.536,1.4312,,37.536,1.46365,,37.536,1.49597,,37.536,1.52816,,37.536,1.56018,,37.536,1.59202,,37.536,1.62366,,37.536,1.65508,,37.536,1.68626,,37.536,1.71719,,37.536,1.74785,,37.536,1.77823,,37.536,1.80831,,37.536,1.83808,,37.536,1.86753,,37.536,1.89665,,37.536,1.92543,,37.536,1.95386,,37.536,1.98192,,37.536,2.00962,,37.536,2.03695,,37.536,2.06389,,37.536,2.09045,,37.536,2.11662,,37.536,2.14239,,37.536,2.16776
38.736,0.430318,,38.736,0.450545,,38.736,0.471427,,38.736,0.492962,,38.736,0.515148,,38.736,0.537978,,38.736,0.561447,,38.736,0.585546,,38.736,0.610264,,38.736,0.635588,,38.736,0.661505,,38.736,0.687997,,38.736,0.715046,,38.736,0.742633,,38.736,0.770736,,38.736,0.799333,,38.736,0.828397,,38.736,0.857904,,38.736,0.887828,,38.736,0.918139,,38.736,0.94881,,38.736,0.979811,,38.736,1.01111,,38.736,1.04268,,38.736,1.0745,,38.736,1.10652,,38.736,1.13872,,38.736,1.17107,,38.736,1.20354,,38.736,1.23609,,38.736,1.26871,,38.736,1.30137,,38.736,1.33403,,38.736,1.36666,,38.736,1.39926,,38.736,1.43178,,38.736,1.4642,,38.736,1.49651,,38.736,1.52867,,38.736,1.56067,,38.736,1.59249,,38.736,1.62411,,38.736,1.65551,,38.736,1.68668,,38.736,1.71759,,38.736,1.74823,,38.736,1.77859,,38.736,1.80866,,38.736,1.83841,,38.736,1.86785,,38.736,1.89695,,38.736,1.92571,,38.736,1.95412,,38.736,1.98218,,38.736,2.00986,,38.736,2.03717,,38.736,2.06411,,38.736,2.09065,,38.736,2.11681,,38.736,2.14257,,38.736,2.16793
39.936,0.430785,,39.936,0.451032,,39.936,0.471933,,39.936,0.493487,,39.936,0.515691,,39.936,0.538539,,39.936,0.562026,,39.936,0.586141,,39.936,0.610875,,39.936,0.636214,,39.936,0.662144,,39.936,0.688649,,39.936,0.715709,,39.936,0.743306,,39.936,0.771418,,39.936,0.80002,,39.936,0.82909,,39.936,0.858601,,39.936,0.888526,,39.936,0.918838,,39.936,0.949508,,39.936,0.980506,,39.936,1.0118,,39.936,1.04337,,39.936,1.07517,,39.936,1.10718,,39.936,1.13938,,39.936,1.17171,,39.936,1.20417,,39.936,1.23671,,39.936,1.26932,,39.936,1.30196,,39.936,1.3346,,39.936,1.36722,,39.936,1.3998,,39.936,1.4323,,39.936,1.4647,,39.936,1.49699,,39.936,1.52914,,39.936,1.56112,,39.936,1.59293,,39.936,1.62453,,39.936,1.65591,,39.936,1.68706,,39.936,1.71795,,39.936,1.74857,,39.936,1.77892,,39.936,1.80897,,39.936,1.83871,,39.936,1.86813,,39.936,1.89722,,39.936,1.92596,,39.936,1.95436,,39.936,1.9824,,39.936,2.01008,,39.936,2.03738,,39.936,2.0643,,39.936,2.09083,,39.936,2.11697,,39.936,2.14272,,39.936,2.16808
41.136,0.431229,,41.136,0.451494,,41.136,0.472413,,41.136,0.493984,,41.136,0.516205,,41.136,0.53907,,41.136,0.562572,,41.136,0.586703,,41.136,0.61145,,41.136,0.636803,,41.136,0.662745,,41.136,0.689261,,41.136,0.716331,,41.136,0.743937,,41.136,0.772055,,41.136,0.800664,,41.136,0.829738,,41.136,0.859251,,41.136,0.889178,,41.136,0.919489,,41.136,0.950157,,41.136,0.981151,,41.136,1.01244,,41.136,1.044,,41.136,1.0758,,41.136,1.1078,,41.136,1.13998,,41.136,1.17231,,41.136,1.20475,,41.136,1.23728,,41.136,1.26988,,41.136,1.3025,,41.136,1.33513,,41.136,1.36773,,41.136,1.40029,,41.136,1.43278,,41.136,1.46516,,41.136,1.49743,,41.136,1.52956,,41.136,1.56153,,41.136,1.59332,,41.136,1.6249,,41.136,1.65627,,41.136,1.6874,,41.136,1.71827,,41.136,1.74888,,41.136,1.77921,,41.136,1.80925,,41.136,1.83897,,41.136,1.86838,,41.136,1.89745,,41.136,1.92619,,41.136,1.95457,,41.136,1.9826,,41.136,2.01026,,41.136,2.03755,,41.136,2.06446,,41.136,2.09099,,41.136,2.11712,,41.136,2.14286,,41.136,2.16821
42.336,0.431651,,42.336,0.451932,,42.336,0.472868,,42.336,0.494455,,42.336,0.516691,,42.336,0.539571,,42.336,0.563088,,42.336,0.587232,,42.336,0.611993,,42.336,0.637357,,42.336,0.663311,,42.336,0.689836,,42.336,0.716915,,42.336,0.744528,,42.336,0.772652,,42.336,0.801265,,42.336,0.830343,,42.336,0.859858,,42.336,0.889785,,42.336,0.920095,,42.336,0.95076,,42.336,0.981751,,42.336,1.01304,,42.336,1.04459,,42.336,1.07638,,42.336,1.10837,,42.336,1.14054,,42.336,1.17286,,42.336,1.20529,,42.336,1.23781,,42.336,1.27039,,42.336,1.303,,42.336,1.33561,,42.336,1.3682,,42.336,1.40074,,42.336,1.43321,,42.336,1.46558,,42.336,1.49784,,42.336,1.52995,,42.336,1.5619,,42.336,1.59367,,42.336,1.62524,,42.336,1.65659,,42.336,1.68771,,42.336,1.71857,,42.336,1.74916,,42.336,1.77948,,42.336,1.8095,,42.336,1.83921,,42.336,1.8686,,42.336,1.89767,,42.336,1.92639,,42.336,1.95476,,42.336,1.98278,,42.336,2.01043,,42.336,2.03771,,42.336,2.06461,,42.336,2.09113,,42.336,2.11725,,42.336,2.14299,,42.336,2.16832
43.536,0.432051,,43.536,0.452348,,43.536,0.473299,,43.536,0.494901,,43.536,0.517151,,43.536,0.540045,,43.536,0.563575,,43.536,0.587732,,43.536,0.612504,,43.536,0.637879,,43.536,0.663842,,43.536,0.690376,,43.536,0.717463,,43.536,0.745082,,43.536,0.773211,,43.536,0.801828,,43.536,0.830908,,43.536,0.860424,,43.536,0.89035,,43.536,0.920659,,43.536,0.951321,,43.536,0.982307,,43.536,1.01359,,43.536,1.04513,,43.536,1.07692,,43.536,1.1089,,43.536,1.14106,,43.536,1.17336,,43.536,1.20578,,43.536,1.23829,,43.536,1.27086,,43.536,1.30345,,43.536,1.33605,,43.536,1.36862,,43.536,1.40115,,43.536,1.43361,,43.536,1.46597,,43.536,1.4982,,43.536,1.5303,,43.536,1.56224,,43.536,1.59399,,43.536,1.62555,,43.536,1.65688,,43.536,1.68798,,43.536,1.71883,,43.536,1.74942,,43.536,1.77972,,43.536,1.80972,,43.536,1.83942,,43.536,1.8688,,43.536,1.89786,,43.536,1.92657,,43.536,1.95493,,43.536,1.98294,,43.536,2.01058,,43.536,2.03785,,43.536,2.06474,,43.536,2.09125,,43.536,2.11737,,43.536,2.1431,,43.536,2.16842
44.736,0.432432,,44.736,0.452743,,44.736,0.473707,,44.736,0.495323,,44.736,0.517587,,44.736,0.540493,,44.736,0.564035,,44.736,0.588203,,44.736,0.612986,,44.736,0.63837,,44.736,0.664342,,44.736,0.690883,,44.736,0.717976,,44.736,0.745601,,44.736,0.773734,,44.736,0.802354,,44.736,0.831435,,44.736,0.860952,,44.736,0.890877,,44.736,0.921184,,44.736,0.951842,,44.736,0.982824,,44.736,1.0141,,44.736,1.04564,,44.736,1.07741,,44.736,1.10939,,44.736,1.14154,,44.736,1.17383,,44.736,1.20624,,44.736,1.23873,,44.736,1.27129,,44.736,1.30387,,44.736,1.33645,,44.736,1.36901,,44.736,1.40153,,44.736,1.43397,,44.736,1.46631,,44.736,1.49854,,44.736,1.53062,,44.736,1.56254,,44.736,1.59429,,44.736,1.62583,,44.736,1.65715,,44.736,1.68824,,44.736,1.71907,,44.736,1.74964,,44.736,1.77993,,44.736,1.80993,,44.736,1.83962,,44.736,1.86899,,44.736,1.89803,,44.736,1.92673,,44.736,1.95509,,44.736,1.98308,,44.736,2.01072,,44.736,2.03798,,44.736,2.06486,,44.736,2.09136,,44.736,2.11747,,44.736,2.14319,,44.736,2.16851
45.936,0.432793,,45.936,0.453117,,45.936,0.474094,,45.936,0.495722,,45.936,0.517998,,45.936,0.540916,,45.936,0.564469,,45.936,0.588647,,45.936,0.613439,,45.936,0.638833,,45.936,0.664812,,45.936,0.69136,,45.936,0.718459,,45.936,0.746087,,45.936,0.774224,,45.936,0.802846,,45.936,0.831928,,45.936,0.861445,,45.936,0.891369,,45.936,0.921672,,45.936,0.952327,,45.936,0.983304,,45.936,1.01457,,45.936,1.04611,,45.936,1.07787,,45.936,1.10984,,45.936,1.14198,,45.936,1.17426,,45.936,1.20666,,45.936,1.23914,,45.936,1.27168,,45.936,1.30425,,45.936,1.33682,,45.936,1.36937,,45.936,1.40187,,45.936,1.4343,,45.936,1.46663,,45.936,1.49884,,45.936,1.53091,,45.936,1.56282,,45.936,1.59455,,45.936,1.62608,,45.936,1.65739,,45.936,1.68846,,45.936,1.71929,,45.936,1.74985,,45.936,1.78012,,45.936,1.81011,,45.936,1.83979,,45.936,1.86915,,45.936,1.89818,,45.936,1.92687,,45.936,1.95522,,45.936,1.98321,,45.936,2.01084,,45.936,2.03809,,45.936,2.06497,,45.936,2.09146,,45.936,2.11757,,45.936,2.14328,,45.936,2.16859
47.136,0.433136,,47.136,0.453472,,47.136,0.474461,,47.136,0.496101,,47.136,0.518388,,47.136,0.541316,,47.136,0.564879,,47.136,0.589066,,47.136,0.613867,,47.136,0.639268,,47.136,0.665254,,47.136,0.691807,,47.136,0.718911,,47.136,0.746543,,47.136,0.774683,,47.136,0.803306,,47.136,0.832389,,47.136,0.861904,,47.136,0.891826,,47.136,0.922127,,47.136,0.952778,,47.136,0.98375,,47.136,1.01501,,47.136,1.04654,,47.136,1.07829,,47.136,1.11025,,47.136,1.14238,,47.136,1.17466,,47.136,1.20704,,47.136,1.23952,,47.136,1.27204,,47.136,1.3046,,47.136,1.33716,,47.136,1.3697,,47.136,1.40219,,47.136,1.4346,,47.136,1.46692,,47.136,1.49912,,47.136,1.53118,,47.136,1.56307,,47.136,1.59479,,47.136,1.62631,,47.136,1.6576,,47.136,1.68867,,47.136,1.71948,,47.136,1.75003,,47.136,1.7803,,47.136,1.81027,,47.136,1.83994,,47.136,1.86929,,47.136,1.89832,,47.136,1.927,,47.136,1.95534,,47.136,1.98332,,47.136,2.01094,,47.136,2.03819,,47.136,2.06506,,47.136,2.09155,,47.136,2.11765,,47.136,2.14335,,47.136,2.16867
48.336,0.433461,,48.336,0.453809,,48.336,0.474809,,48.336,0.496459,,48.336,0.518756,,48.336,0.541694,,48.336,0.565266,,48.336,0.589461,,48.336,0.61427,,48.336,0.639677,,48.336,0.665669,,48.336,0.692228,,48.336,0.719335,,48.336,0.746971,,48.336,0.775112,,48.336,0.803736,,48.336,0.832819,,48.336,0.862333,,48.336,0.892253,,48.336,0.92255,,48.336,0.953197,,48.336,0.984164,,48.336,1.01542,,48.336,1.04694,,48.336,1.07869,,48.336,1.11064,,48.336,1.14276,,48.336,1.17502,,48.336,1.2074,,48.336,1.23986,,48.336,1.27238,,48.336,1.30492,,48.336,1.33747,,48.336,1.37,,48.336,1.40247,,48.336,1.43488,,48.336,1.46718,,48.336,1.49937,,48.336,1.53142,,48.336,1.5633,,48.336,1.59501,,48.336,1.62651,,48.336,1.6578,,48.336,1.68885,,48.336,1.71966,,48.336,1.7502,,48.336,1.78045,,48.336,1.81042,,48.336,1.84008,,48.336,1.86942,,48.336,1.89844,,48.336,1.92712,,48.336,1.95545,,48.336,1.98342,,48.336,2.01104,,48.336,2.03828,,48.336,2.06514,,48.336,2.09163,,48.336,2.11772,,48.336,2.14342,,48.336,2.16873
49.536,0.43377,,49.536,0.454128,,49.536,0.475138,,49.536,0.496798,,49.536,0.519105,,49.536,0.542051,,49.536,0.565631,,49.536,0.589834,,49.536,0.614649,,49.536,0.640063,,49.536,0.666059,,49.536,0.692623,,49.536,0.719733,,49.536,0.747371,,49.536,0.775514,,49.536,0.804139,,49.536,0.83322,,49.536,0.862733,,49.536,0.892651,,49.536,0.922944,,49.536,0.953587,,49.536,0.984548,,49.536,1.0158,,49.536,1.04731,,49.536,1.07905,,49.536,1.11099,,49.536,1.14311,,49.536,1.17536,,49.536,1.20773,,49.536,1.24018,,49.536,1.27268,,49.536,1.30522,,49.536,1.33776,,49.536,1.37027,,49.536,1.40273,,49.536,1.43513,,49.536,1.46742,,49.536,1.4996,,49.536,1.53163,,49.536,1.56351,,49.536,1.5952,,49.536,1.6267,,49.536,1.65798,,49.536,1.68902,,49.536,1.71982,,49.536,1.75034,,49.536,1.78059,,49.536,1.81055,,49.536,1.8402,,49.536,1.86954,,49.536,1.89855,,49.536,1.92722,,49.536,1.95555,,49.536,1.98351,,49.536,2.01112,,49.536,2.03836,,49.536,2.06522,,49.536,2.09169,,49.536,2.11778,,49.536,2.14348,,49.536,2.16878
50.736,0.434064,,50.736,0.454431,,50.736,0.475451,,50.736,0.49712,,50.736,0.519434,,50.736,0.542389,,50.736,0.565976,,50.736,0.590186,,50.736,0.615007,,50.736,0.640425,,50.736,0.666427,,50.736,0.692993,,50.736,0.720107,,50.736,0.747746,,50.736,0.77589,,50.736,0.804515,,50.736,0.833595,,50.736,0.863106,,50.736,0.893021,,50.736,0.923311,,50.736,0.953949,,50.736,0.984905,,50.736,1.01615,,50.736,1.04765,,50.736,1.07939,,50.736,1.11132,,50.736,1.14343,,50.736,1.17567,,50.736,1.20803,,50.736,1.24047,,50.736,1.27296,,50.736,1.30549,,50.736,1.33802,,50.736,1.37052,,50.736,1.40297,,50.736,1.43536,,50.736,1.46764,,50.736,1.49981,,50.736,1.53183,,50.736,1.5637,,50.736,1.59538,,50.736,1.62687,,50.736,1.65814,,50.736,1.68917,,50.736,1.71996,,50.736,1.75048,,50.736,1.78072,,50.736,1.81067,,50.736,1.84032,,50.736,1.86965,,50.736,1.89865,,50.736,1.92731,,50.736,1.95563,,50.736,1.9836,,50.736,2.0112,,50.736,2.03843,,50.736,2.06528,,50.736,2.09175,,50.736,2.11784,,50.736,2.14353,,50.736,2.16883
51.936,0.434343,,51.936,0.454719,,51.936,0.475747,,51.936,0.497424,,51.936,0.519746,,51.936,0.542708,,51.936,0.566302,,51.936,0.590517,,51.936,0.615343,,51.936,0.640767,,51.936,0.666772,,51.936,0.693341,,51.936,0.720457,,51.936,0.748098,,51.936,0.776242,,51.936,0.804866,,51.936,0.833946,,51.936,0.863455,,51.936,0.893366,,51.936,0.923652,,51.936,0.954285,,51.936,0.985236,,51.936,1.01647,,51.936,1.04797,,51.936,1.0797,,51.936,1.11162,,51.936,1.14372,,51.936,1.17596,,51.936,1.2083,,51.936,1.24074,,51.936,1.27322,,51.936,1.30574,,51.936,1.33826,,51.936,1.37075,,51.936,1.40319,,51.936,1.43556,,51.936,1.46784,,51.936,1.5,,51.936,1.53201,,51.936,1.56387,,51.936,1.59554,,51.936,1.62702,,51.936,1.65828,,51.936,1.68931,,51.936,1.72009,,51.936,1.7506,,51.936,1.78083,,51.936,1.81078,,51.936,1.84042,,51.936,1.86974,,51.936,1.89874,,51.936,1.9274,,51.936,1.95571,,51.936,1.98367,,51.936,2.01126,,51.936,2.03849,,51.936,2.06534,,51.936,2.09181,,51.936,2.11789,,51.936,2.14358,,51.936,2.16888
53.136,0.434607,,53.136,0.454992,,53.136,0.476027,,53.136,0.497712,,53.136,0.520041,,53.136,0.543009,,53.136,0.566609,,53.136,0.59083,,53.136,0.615661,,53.136,0.641088,,53.136,0.667096,,53.136,0.693668,,53.136,0.720786,,53.136,0.748427,,53.136,0.776572,,53.136,0.805195,,53.136,0.834273,,53.136,0.863779,,53.136,0.893688,,53.136,0.92397,,53.136,0.954598,,53.136,0.985543,,53.136,1.01678,,53.136,1.04827,,53.136,1.07999,,53.136,1.1119,,53.136,1.14399,,53.136,1.17622,,53.136,1.20856,,53.136,1.24098,,53.136,1.27346,,53.136,1.30597,,53.136,1.33847,,53.136,1.37096,,53.136,1.40339,,53.136,1.43575,,53.136,1.46802,,53.136,1.50017,,53.136,1.53218,,53.136,1.56402,,53.136,1.59569,,53.136,1.62716,,53.136,1.65841,,53.136,1.68943,,53.136,1.7202,,53.136,1.75071,,53.136,1.78094,,53.136,1.81087,,53.136,1.84051,,53.136,1.86982,,53.136,1.89881,,53.136,1.92747,,53.136,1.95578,,53.136,1.98373,,53.136,2.01132,,53.136,2.03855,,53.136,2.06539,,53.136,2.09186,,53.136,2.11794,,53.136,2.14362,,53.136,2.16891
54.336,0.434858,,54.336,0.45525,,54.336,0.476293,,54.336,0.497984,,54.336,0.52032,,54.336,0.543294,,54.336,0.566899,,54.336,0.591125,,54.336,0.61596,,54.336,0.64139,,54.336,0.667401,,54.336,0.693975,,54.336,0.721094,,54.336,0.748736,,54.336,0.77688,,54.336,0.805503,,54.336,0.834579,,54.336,0.864082,,54.336,0.893987,,54.336,0.924266,,54.336,0.954889,,54.336,0.985829,,54.336,1.01706,,54.336,1.04854,,54.336,1.08025,,54.336,1.11216,,54.336,1.14424,,54.336,1.17646,,54.336,1.20879,,54.336,1.24121,,54.336,1.27368,,54.336,1.30617,,54.336,1.33867,,54.336,1.37115,,54.336,1.40357,,54.336,1.43593,,54.336,1.46819,,54.336,1.50032,,54.336,1.53232,,54.336,1.56416,,54.336,1.59582,,54.336,1.62728,,54.336,1.65853,,54.336,1.68954,,54.336,1.72031,,54.336,1.75081,,54.336,1.78103,,54.336,1.81096,,54.336,1.84059,,54.336,1.8699,,54.336,1.89889,,54.336,1.92753,,54.336,1.95584,,54.336,1.98379,,54.336,2.01138,,54.336,2.03859,,54.336,2.06544,,54.336,2.0919,,54.336,2.11798,,54.336,2.14366,,54.336,2.16895
55.536,0.435097,,55.536,0.455496,,55.536,0.476545,,55.536,0.498242,,55.536,0.520584,,55.536,0.543563,,55.536,0.567173,,55.536,0.591403,,55.536,0.616241,,55.536,0.641675,,55.536,0.667688,,55.536,0.694264,,55.536,0.721383,,55.536,0.749026,,55.536,0.777169,,55.536,0.80579,,55.536,0.834864,,55.536,0.864365,,55.536,0.894267,,55.536,0.924541,,55.536,0.95516,,55.536,0.986094,,55.536,1.01732,,55.536,1.04879,,55.536,1.0805,,55.536,1.1124,,55.536,1.14447,,55.536,1.17669,,55.536,1.20901,,55.536,1.24142,,55.536,1.27388,,55.536,1.30637,,55.536,1.33886,,55.536,1.37132,,55.536,1.40374,,55.536,1.43609,,55.536,1.46834,,55.536,1.50047,,55.536,1.53246,,55.536,1.56429,,55.536,1.59594,,55.536,1.6274,,55.536,1.65864,,55.536,1.68964,,55.536,1.7204,,55.536,1.7509,,55.536,1.78111,,55.536,1.81104,,55.536,1.84066,,55.536,1.86997,,55.536,1.89895,,55.536,1.92759,,55.536,1.95589,,55.536,1.98384,,55.536,2.01142,,55.536,2.03864,,55.536,2.06548,,55.536,2.09194,,55.536,2.11801,,55.536,2.14369,,55.536,2.16898
56.736,0.435323,,56.736,0.455729,,56.736,0.476784,,56.736,0.498487,,56.736,0.520833,,56.736,0.543817,,56.736,0.567431,,56.736,0.591665,,56.736,0.616506,,56.736,0.641942,,56.736,0.667958,,56.736,0.694535,,56.736,0.721654,,56.736,0.749297,,56.736,0.777439,,56.736,0.806059,,56.736,0.83513,,56.736,0.864629,,56.736,0.894527,,56.736,0.924797,,56.736,0.955411,,56.736,0.98634,,56.736,1.01756,,56.736,1.04903,,56.736,1.08073,,56.736,1.11262,,56.736,1.14469,,56.736,1.17689,,56.736,1.20921,,56.736,1.24161,,56.736,1.27406,,56.736,1.30654,,56.736,1.33902,,56.736,1.37148,,56.736,1.40389,,56.736,1.43623,,56.736,1.46847,,56.736,1.5006,,56.736,1.53258,,56.736,1.56441,,56.736,1.59605,,56.736,1.6275,,56.736,1.65873,,56.736,1.68973,,56.736,1.72049,,56.736,1.75098,,56.736,1.78119,,56.736,1.81111,,56.736,1.84072,,56.736,1.87003,,56.736,1.899,,56.736,1.92765,,56.736,1.95594,,56.736,1.98388,,56.736,2.01147,,56.736,2.03868,,56.736,2.06551,,56.736,2.09197,,56.736,2.11804,,56.736,2.14372,,56.736,2.16901
57.936,0.435538,,57.936,0.455949,,57.936,0.47701,,57.936,0.498718,,57.936,0.521069,,57.936,0.544058,,57.936,0.567675,,57.936,0.591912,,57.936,0.616756,,57.936,0.642194,,57.936,0.668211,,57.936,0.694789,,57.936,0.721909,,57.936,0.749551,,57.936,0.777692,,57.936,0.80631,,57.936,0.835379,,57.936,0.864875,,57.936,0.894769,,57.936,0.925035,,57.936,0.955645,,57.936,0.986569,,57.936,1.01778,,57.936,1.04924,,57.936,1.08094,,57.936,1.11283,,57.936,1.14489,,57.936,1.17708,,57.936,1.20939,,57.936,1.24178,,57.936,1.27423,,57.936,1.3067,,57.936,1.33918,,57.936,1.37163,,57.936,1.40403,,57.936,1.43636,,57.936,1.4686,,57.936,1.50072,,57.936,1.53269,,57.936,1.56451,,57.936,1.59615,,57.936,1.62759,,57.936,1.65882,,57.936,1.68982,,57.936,1.72056,,57.936,1.75105,,57.936,1.78125,,57.936,1.81117,,57.936,1.84078,,57.936,1.87008,,57.936,1.89906,,57.936,1.92769,,57.936,1.95599,,57.936,1.98393,,57.936,2.0115,,57.936,2.03871,,57.936,2.06555,,57.936,2.092,,57.936,2.11807,,57.936,2.14375,,57.936,2.16903
59.136,0.435743,,59.136,0.456159,,59.136,0.477224,,59.136,0.498937,,59.136,0.521292,,59.136,0.544284,,59.136,0.567905,,59.136,0.592145,,59.136,0.616991,,59.136,0.642431,,59.136,0.668449,,59.136,0.695028,,59.136,0.722148,,59.136,0.749789,,59.136,0.777929,,59.136,0.806545,,59.136,0.835612,,59.136,0.865104,,59.136,0.894995,,59.136,0.925257,,59.136,0.955862,,59.136,0.986781,,59.136,1.01799,,59.136,1.04945,,59.136,1.08113,,59.136,1.11302,,59.136,1.14507,,59.136,1.17726,,59.136,1.20956,,59.136,1.24194,,59.136,1.27438,,59.136,1.30685,,59.136,1.33932,,59.136,1.37176,,59.136,1.40416,,59.136,1.43648,,59.136,1.46871,,59.136,1.50082,,59.136,1.5328,,59.136,1.56461,,59.136,1.59624,,59.136,1.62768,,59.136,1.6589,,59.136,1.68989,,59.136,1.72063,,59.136,1.75111,,59.136,1.78131,,59.136,1.81123,,59.136,1.84084,,59.136,1.87013,,59.136,1.8991,,59.136,1.92773,,59.136,1.95602,,59.136,1.98396,,59.136,2.01154,,59.136,2.03874,,59.136,2.06558,,59.136,2.09203,,59.136,2.11809,,59.136,2.14377,,59.136,2.16905
60,0.435883,,60,0.456303,,60,0.477372,,60,0.499087,,60,0.521446,,60,0.54444,,60,0.568063,,60,0.592304,,60,0.617152,,60,0.642593,,60,0.668612,,60,0.69519,,60,0.72231,,60,0.749951,,60,0.77809,,60,0.806704,,60,0.83577,,60,0.86526,,60,0.895148,,60,0.925407,,60,0.956009,,60,0.986924,,60,1.01812,,60,1.04958,,60,1.08126,,60,1.11314,,60,1.14519,,60,1.17738,,60,1.20967,,60,1.24205,,60,1.27449,,60,1.30695,,60,1.33941,,60,1.37185,,60,1.40424,,60,1.43656,,60,1.46879,,60,1.50089,,60,1.53286,,60,1.56467,,60,1.5963,,60,1.62773,,60,1.65895,,60,1.68994,,60,1.72068,,60,1.75115,,60,1.78135,,60,1.81126,,60,1.84087,,60,1.87016,,60,1.89913,,60,1.92776,,60,1.95605,,60,1.98398,,60,2.01156,,60,2.03876,,60,2.06559,,60,2.09204,,60,2.11811,,60,2.14378,,60,2.16906
